t,o,h,l,c,v
1763160300000.0,3174.2,3180.51,3148.51,3158.86,2743.9692
1763161200000.0,3158.86,3158.86,3090.0,3121.71,12016.5693
1763162100000.0,3121.71,3127.33,3096.65,3107.0,3448.3327
1763163000000.0,3107.0,3122.97,3098.82,3120.65,3998.1702
1763163900000.0,3120.66,3133.29,3102.18,3112.4,5453.7166
1763164800000.0,3112.4,3146.83,3110.68,3143.58,5275.2846
1763165700000.0,3143.59,3150.94,3134.22,3144.8,5734.9828
1763166600000.0,3144.79,3145.33,3119.04,3135.12,4934.0234
1763167500000.0,3135.13,3142.53,3118.01,3141.26,4451.829
1763168400000.0,3141.26,3149.51,3124.61,3146.88,3624.7406
1763169300000.0,3146.88,3154.75,3142.53,3147.5,2188.7026
1763170200000.0,3147.49,3163.05,3147.49,3161.27,2547.864
1763171100000.0,3161.26,3179.02,3158.87,3173.54,4923.8879
1763172000000.0,3173.54,3173.54,3165.4,3167.17,1801.8312
1763172900000.0,3167.17,3177.4,3162.98,3176.67,3778.894
1763173800000.0,3176.64,3189.7,3169.44,3188.41,5087.3855
1763174700000.0,3188.41,3193.74,3181.59,3193.31,3801.2173
1763175600000.0,3193.31,3194.0,3184.01,3187.79,4034.638
1763176500000.0,3187.78,3192.98,3183.76,3184.64,3234.2133
1763177400000.0,3184.64,3185.39,3167.54,3176.74,5433.3096
1763178300000.0,3176.75,3180.0,3174.22,3179.16,1435.5793
1763179200000.0,3179.17,3183.83,3173.72,3181.64,1663.7
1763180100000.0,3181.65,3191.65,3172.33,3172.84,2351.0727
1763181000000.0,3172.84,3173.67,3163.0,3163.0,2901.0864
1763181900000.0,3163.0,3175.65,3159.03,3171.99,2681.9262
1763182800000.0,3172.0,3176.44,3161.35,3162.88,2141.8991
1763183700000.0,3162.89,3176.98,3162.87,3170.23,2943.7586
1763184600000.0,3170.24,3176.0,3168.54,3175.17,3882.4659
1763185500000.0,3175.17,3183.36,3173.5,3178.49,2831.0944
1763186400000.0,3178.5,3182.44,3176.0,3180.86,1260.8633
1763187300000.0,3180.86,3184.48,3178.0,3178.93,1268.4852
1763188200000.0,3178.94,3187.93,3168.19,3170.55,2214.6588
1763189100000.0,3170.55,3181.44,3166.54,3175.53,1704.3426
1763190000000.0,3175.53,3183.35,3170.34,3182.4,1166.1409
1763190900000.0,3182.4,3185.39,3175.72,3182.04,1091.3085
1763191800000.0,3182.05,3182.42,3172.53,3173.34,1587.9798
1763192700000.0,3173.35,3177.26,3169.02,3176.55,1783.2983
1763193600000.0,3176.56,3177.98,3163.55,3166.47,1950.6998
1763194500000.0,3166.47,3167.22,3151.09,3158.31,3879.4341
1763195400000.0,3158.31,3167.65,3148.01,3148.91,3184.3654
1763196300000.0,3148.91,3151.36,3134.23,3143.5,4709.4891
1763197200000.0,3143.49,3159.99,3138.88,3159.98,3840.4932
1763198100000.0,3159.97,3165.51,3154.0,3159.59,2546.3875
1763199000000.0,3159.6,3164.35,3153.25,3161.7,2880.0009
1763199900000.0,3161.69,3161.69,3144.04,3152.99,2307.3954
1763200800000.0,3152.99,3153.26,3145.33,3151.63,2622.482
1763201700000.0,3151.64,3160.88,3146.56,3158.81,1547.0472
1763202600000.0,3158.82,3169.24,3155.02,3168.17,1970.8096
1763203500000.0,3168.18,3171.52,3165.28,3169.0,1252.3825
1763204400000.0,3169.0,3172.19,3160.91,3165.41,2083.1925
1763205300000.0,3165.4,3166.69,3158.73,3165.73,1116.9723
1763206200000.0,3165.73,3166.69,3157.88,3159.15,1342.5847
1763207100000.0,3159.14,3159.14,3146.66,3152.52,1966.7528
1763208000000.0,3152.52,3159.47,3147.37,3159.11,1184.8386
1763208900000.0,3159.1,3168.0,3155.0,3165.13,1875.6937
1763209800000.0,3165.13,3167.39,3155.42,3157.11,2026.9811
1763210700000.0,3157.1,3164.27,3154.46,3162.27,1517.3324
1763211600000.0,3162.27,3171.78,3159.1,3167.45,2745.6819
1763212500000.0,3167.45,3181.88,3166.61,3178.34,4195.3123
1763213400000.0,3178.34,3183.97,3173.83,3177.56,3120.8419
1763214300000.0,3177.56,3197.37,3172.13,3192.78,13611.991
1763215200000.0,3192.77,3193.1,3185.74,3190.9,2823.4369
1763216100000.0,3190.9,3192.99,3177.2,3180.73,2100.3736
1763217000000.0,3180.73,3185.74,3175.6,3180.36,2734.31
1763217900000.0,3180.36,3180.96,3174.75,3177.96,1513.1649
1763218800000.0,3177.96,3185.38,3173.72,3183.9,1575.3123
1763219700000.0,3183.9,3188.0,3175.52,3185.54,2308.8125
1763220600000.0,3185.54,3185.88,3175.85,3181.0,2019.882
1763221500000.0,3181.01,3191.25,3181.0,3186.05,2585.6638
1763222400000.0,3186.05,3187.8,3162.78,3174.54,5187.7248
1763223300000.0,3174.55,3179.21,3166.11,3170.16,3735.5835
1763224200000.0,3170.15,3182.48,3167.56,3179.92,3239.5889
1763225100000.0,3179.93,3187.86,3177.54,3186.34,2442.3079
1763226000000.0,3186.35,3193.55,3182.62,3191.04,3091.8214
1763226900000.0,3191.05,3219.47,3189.3,3200.07,14967.5824
1763227800000.0,3200.07,3202.53,3193.01,3200.0,8772.4038
1763228700000.0,3200.0,3215.0,3199.06,3214.99,24625.6218
1763229600000.0,3214.99,3230.0,3208.89,3230.0,28134.5368
1763230500000.0,3230.0,3230.0,3211.67,3213.0,13965.3214
1763231400000.0,3212.99,3217.87,3208.17,3213.12,4631.4609
1763232300000.0,3213.13,3213.59,3204.27,3208.1,2087.3569
1763233200000.0,3208.09,3214.25,3205.7,3211.79,1049.999
1763234100000.0,3211.79,3211.79,3198.33,3202.03,1679.5969
1763235000000.0,3202.03,3202.03,3193.94,3197.13,1717.2806
1763235900000.0,3197.13,3199.96,3192.76,3197.88,1321.5187
1763236800000.0,3197.89,3200.68,3193.97,3199.35,656.7871
1763237700000.0,3199.35,3199.35,3186.4,3188.46,1748.8555
1763238600000.0,3188.43,3188.89,3175.72,3178.14,2791.1686
1763239500000.0,3178.14,3182.92,3167.31,3174.91,3683.0405
1763240400000.0,3174.9,3185.83,3172.98,3182.41,1765.0506
1763241300000.0,3182.41,3189.09,3178.06,3178.06,2063.8613
1763242200000.0,3178.05,3181.0,3155.84,3157.51,9120.758
1763243100000.0,3157.5,3162.2,3152.75,3157.97,2548.1889
1763244000000.0,3157.96,3169.16,3155.07,3169.16,1823.0763
1763244900000.0,3169.15,3170.99,3158.42,3167.27,1493.9202
1763245800000.0,3167.27,3170.04,3158.0,3164.72,1171.0644
1763246700000.0,3164.72,3172.35,3162.28,3171.52,1073.7074
1763247600000.0,3171.52,3173.72,3168.31,3171.17,1398.0242
1763248500000.0,3171.16,3176.98,3170.15,3173.19,1532.4666
1763249400000.0,3173.19,3177.55,3169.71,3170.98,1089.5878
1763250300000.0,3170.97,3174.84,3167.43,3167.88,951.6334
1763251200000.0,3167.87,3174.76,3156.65,3160.21,2260.9177
1763252100000.0,3160.22,3160.22,3148.0,3150.06,3299.9328
1763253000000.0,3150.05,3160.5,3145.84,3160.49,2755.2159
1763253900000.0,3160.49,3163.91,3152.16,3152.59,1546.7293
1763254800000.0,3152.59,3157.51,3135.52,3157.5,4724.8526
1763255700000.0,3157.5,3157.5,3146.37,3154.7,1472.3513
1763256600000.0,3154.7,3157.94,3132.38,3143.78,4297.113
1763257500000.0,3143.77,3153.46,3131.78,3150.59,2545.1337
1763258400000.0,3150.59,3165.55,3142.3,3156.59,2433.6277
1763259300000.0,3156.6,3185.7,3156.6,3178.0,4088.1804
1763260200000.0,3178.0,3191.03,3175.45,3190.24,3318.926
1763261100000.0,3190.24,3204.8,3185.38,3203.13,7278.1213
1763262000000.0,3203.13,3204.93,3193.2,3194.82,3012.8847
1763262900000.0,3194.82,3210.0,3194.82,3198.56,2880.2743
1763263800000.0,3198.56,3202.29,3194.22,3200.53,1334.6707
1763264700000.0,3200.53,3204.34,3195.51,3202.97,1285.6672
1763265600000.0,3202.95,3207.29,3197.11,3201.04,1391.3245
1763266500000.0,3201.04,3204.49,3193.97,3197.79,1618.2771
1763267400000.0,3197.79,3198.04,3187.03,3190.72,3325.0397
1763268300000.0,3190.73,3195.0,3189.07,3194.35,1001.1884
1763269200000.0,3194.35,3209.99,3193.86,3208.46,1749.5927
1763270100000.0,3208.46,3215.93,3204.69,3208.39,4055.9608
1763271000000.0,3208.39,3213.1,3205.27,3207.78,1542.9079
1763271900000.0,3207.79,3210.45,3201.83,3204.95,1474.599
1763272800000.0,3204.95,3216.45,3200.97,3212.16,2645.3088
1763273700000.0,3212.17,3214.21,3206.16,3209.59,1807.6144
1763274600000.0,3209.6,3212.78,3207.36,3209.97,947.8961
1763275500000.0,3209.96,3212.54,3198.53,3201.21,1844.71
1763276400000.0,3201.26,3210.47,3199.19,3206.23,2175.2011
1763277300000.0,3206.24,3208.87,3201.04,3206.16,1445.4013
1763278200000.0,3206.15,3213.77,3206.15,3211.4,1796.3722
1763279100000.0,3211.39,3220.62,3211.39,3219.55,2749.2166
1763280000000.0,3219.54,3228.0,3209.16,3210.9,3782.2052
1763280900000.0,3210.9,3215.39,3206.25,3210.62,1416.3771
1763281800000.0,3210.63,3217.14,3210.0,3217.14,1181.4479
1763282700000.0,3217.15,3221.41,3208.86,3219.41,2028.5267
1763283600000.0,3219.42,3219.42,3209.76,3214.69,1020.3577
1763284500000.0,3214.69,3216.66,3208.97,3215.44,1139.0327
1763285400000.0,3215.44,3222.49,3214.38,3221.05,1518.5969
1763286300000.0,3221.05,3249.0,3220.12,3248.26,11103.5945
1763287200000.0,3248.25,3248.25,3232.52,3239.01,4560.4141
1763288100000.0,3239.01,3241.0,3229.41,3234.75,2459.6274
1763289000000.0,3234.75,3237.59,3232.64,3235.41,2035.6318
1763289900000.0,3235.41,3239.1,3232.89,3235.99,1552.1874
1763290800000.0,3235.99,3237.87,3195.36,3199.95,7396.185
1763291700000.0,3199.94,3207.5,3167.44,3173.29,9344.0233
1763292600000.0,3173.29,3180.5,3160.36,3164.84,5298.9261
1763293500000.0,3164.84,3173.72,3161.23,3168.64,3167.5053
1763294400000.0,3168.64,3177.14,3165.04,3170.39,2634.3617
1763295300000.0,3170.4,3182.6,3165.93,3171.94,3046.3301
1763296200000.0,3171.95,3177.27,3154.88,3175.73,16357.7088
1763297100000.0,3175.73,3177.76,3164.67,3168.99,17987.275
1763298000000.0,3168.99,3173.5,3156.66,3169.64,9326.594
1763298900000.0,3169.65,3172.2,3158.29,3158.99,2501.3644
1763299800000.0,3158.99,3167.17,3146.81,3146.82,8768.3133
1763300700000.0,3146.81,3157.28,3139.04,3153.85,4636.8585
1763301600000.0,3153.85,3160.99,3147.51,3155.6,3680.4368
1763302500000.0,3155.59,3158.22,3150.55,3156.28,1198.6214
1763303400000.0,3156.28,3179.0,3154.25,3172.59,4797.2411
1763304300000.0,3172.58,3175.86,3167.08,3172.05,2205.5884
1763305200000.0,3172.06,3178.6,3165.7,3172.76,2977.6936
1763306100000.0,3172.75,3180.76,3168.06,3170.67,2972.9217
1763307000000.0,3170.67,3175.41,3166.5,3171.22,2686.4502
1763307900000.0,3171.21,3173.41,3099.23,3105.44,26951.8942
1763308800000.0,3105.45,3126.02,3088.83,3095.44,20272.4685
1763309700000.0,3095.45,3100.5,3071.82,3078.24,14964.5903
1763310600000.0,3078.24,3086.11,3063.98,3071.03,12678.173
1763311500000.0,3071.02,3076.65,3058.24,3061.6,11171.6028
1763312400000.0,3061.59,3067.55,3056.77,3061.09,8160.6508
1763313300000.0,3061.09,3082.05,3046.35,3067.84,27087.7786
1763314200000.0,3067.83,3079.77,3050.6,3051.79,8412.2145
1763315100000.0,3051.8,3088.46,3026.0,3079.84,23896.9013
1763316000000.0,3079.84,3128.0,3072.89,3117.13,18578.0124
1763316900000.0,3117.14,3123.81,3089.74,3094.46,9346.605
1763317800000.0,3094.49,3094.49,3056.1,3060.77,10297.0455
1763318700000.0,3060.76,3069.5,3043.04,3060.44,7458.3746
1763319600000.0,3060.45,3111.0,3057.61,3107.53,9573.2359
1763320500000.0,3107.53,3116.28,3090.86,3105.01,6179.809
1763321400000.0,3105.0,3111.46,3092.97,3099.37,3072.0262
1763322300000.0,3099.37,3103.96,3087.45,3091.09,3325.2142
1763323200000.0,3091.09,3111.71,3085.29,3106.06,3058.868
1763324100000.0,3106.05,3117.21,3092.08,3111.75,3728.3375
1763325000000.0,3111.75,3114.02,3097.27,3098.89,1906.4756
1763325900000.0,3098.9,3101.52,3089.31,3089.32,1268.9225
1763326800000.0,3089.32,3096.89,3066.57,3072.09,9176.4303
1763327700000.0,3072.09,3078.0,3058.4,3067.09,5191.1546
1763328600000.0,3067.09,3076.35,3060.65,3064.76,4135.0829
1763329500000.0,3064.77,3077.42,3064.5,3073.63,3913.3982
1763330400000.0,3073.64,3081.51,3043.76,3071.37,16116.7812
1763331300000.0,3071.37,3083.85,3059.13,3077.9,6888.5086
1763332200000.0,3077.9,3085.67,3063.94,3066.01,5200.9057
1763333100000.0,3066.01,3102.65,3064.77,3091.86,4595.0656
1763334000000.0,3091.86,3092.67,3004.0,3065.65,37272.4094
1763334900000.0,3065.65,3103.9,3062.73,3091.09,10587.0615
1763335800000.0,3091.09,3107.0,3086.31,3100.02,6335.3339
1763336700000.0,3099.99,3107.28,3092.23,3095.29,4944.6413
1763337600000.0,3095.29,3103.99,3087.48,3094.83,5358.5334
1763338500000.0,3094.83,3123.12,3069.0,3121.65,10061.7449
1763339400000.0,3121.65,3140.4,3108.59,3125.82,11401.3882
1763340300000.0,3125.81,3140.95,3116.37,3136.32,4529.9694
1763341200000.0,3136.33,3142.01,3123.47,3127.92,3785.6413
1763342100000.0,3127.92,3147.72,3119.63,3141.19,5124.658
1763343000000.0,3141.18,3142.5,3128.52,3130.07,2686.1966
1763343900000.0,3130.07,3135.05,3113.85,3114.66,3272.6195
1763344800000.0,3114.66,3155.0,3111.61,3152.01,8128.6415
1763345700000.0,3152.0,3160.35,3140.0,3151.2,5564.9808
1763346600000.0,3151.2,3153.46,3139.65,3143.73,3288.3814
1763347500000.0,3143.73,3149.66,3140.87,3149.4,1962.5359
1763348400000.0,3149.4,3168.16,3148.06,3167.87,3800.8608
1763349300000.0,3167.55,3180.42,3163.53,3170.25,6053.9658
1763350200000.0,3170.26,3177.04,3166.46,3170.51,2637.6617
1763351100000.0,3170.52,3179.19,3169.72,3176.6,2725.7755
1763352000000.0,3176.59,3180.93,3168.59,3171.04,2872.3407
1763352900000.0,3171.04,3193.67,3165.93,3192.32,5206.0556
1763353800000.0,3192.32,3193.16,3181.1,3191.65,2620.0739
1763354700000.0,3191.66,3192.94,3183.03,3185.43,2386.2588
1763355600000.0,3185.43,3193.37,3177.54,3180.17,2347.8715
1763356500000.0,3180.17,3191.6,3177.81,3190.71,3818.788
1763357400000.0,3190.72,3193.21,3176.94,3181.57,3826.0511
1763358300000.0,3181.57,3190.69,3180.8,3186.74,2639.0844
1763359200000.0,3186.75,3190.96,3171.0,3176.2,6767.578
1763360100000.0,3176.21,3193.25,3175.32,3190.41,3608.0817
1763361000000.0,3190.41,3190.82,3182.02,3185.13,2632.7614
1763361900000.0,3185.13,3197.55,3184.5,3194.0,4542.306
1763362800000.0,3194.01,3204.68,3189.04,3196.3,4934.7189
1763363700000.0,3196.29,3204.7,3193.05,3193.05,3786.4305
1763364600000.0,3193.04,3203.24,3191.22,3201.64,3608.9444
1763365500000.0,3201.64,3208.52,3197.24,3198.44,7986.4807
1763366400000.0,3198.44,3204.49,3193.2,3193.2,5384.6224
1763367300000.0,3193.2,3205.0,3191.25,3197.96,3792.9687
1763368200000.0,3197.97,3199.38,3188.0,3188.94,2911.0099
1763369100000.0,3188.95,3191.67,3184.84,3190.25,3062.2813
1763370000000.0,3190.24,3201.2,3179.88,3199.5,10472.324
1763370900000.0,3199.51,3216.84,3199.38,3205.25,6953.3435
1763371800000.0,3205.26,3206.2,3192.93,3199.34,4059.208
1763372700000.0,3199.35,3199.99,3192.9,3195.18,1927.425
1763373600000.0,3195.19,3208.0,3194.64,3206.41,4844.0233
1763374500000.0,3206.4,3206.63,3194.44,3196.36,2738.5121
1763375400000.0,3196.36,3203.0,3191.52,3199.13,2041.8191
1763376300000.0,3199.14,3202.09,3196.36,3196.72,1311.5566
1763377200000.0,3196.73,3203.75,3193.54,3201.45,1964.2572
1763378100000.0,3201.46,3208.01,3199.75,3208.01,1947.3579
1763379000000.0,3208.0,3223.38,3202.21,3202.79,5691.3164
1763379900000.0,3202.8,3208.84,3195.02,3204.12,6630.1724
1763380800000.0,3204.12,3204.38,3188.11,3191.61,4146.1015
1763381700000.0,3191.62,3195.92,3189.77,3192.83,1400.8696
1763382600000.0,3192.83,3196.8,3183.33,3187.92,5346.0802
1763383500000.0,3187.92,3188.1,3182.23,3183.7,2648.067
1763384400000.0,3183.7,3188.96,3161.01,3165.43,9826.9588
1763385300000.0,3165.42,3169.48,3144.74,3149.04,9430.9925
1763386200000.0,3149.03,3155.74,3120.61,3120.65,13302.0814
1763387100000.0,3120.64,3124.96,3095.09,3121.95,17188.0585
1763388000000.0,3121.8,3128.84,3102.62,3123.61,8951.1388
1763388900000.0,3123.61,3141.6,3115.38,3120.93,6752.2444
1763389800000.0,3120.92,3210.88,3114.78,3178.64,32714.9128
1763390700000.0,3178.63,3199.94,3142.44,3152.26,21760.9327
1763391600000.0,3152.26,3166.65,3117.69,3136.55,19621.3633
1763392500000.0,3136.55,3160.36,3105.44,3153.37,15840.6309
1763393400000.0,3153.38,3160.24,3111.22,3128.05,12746.0892
1763394300000.0,3128.05,3137.98,3113.02,3121.04,8154.7541
1763395200000.0,3121.04,3122.72,3075.78,3079.63,17923.2754
1763396100000.0,3079.62,3097.19,3064.21,3092.26,12506.6347
1763397000000.0,3092.25,3118.39,3081.69,3101.53,10663.1456
1763397900000.0,3101.54,3142.56,3099.32,3134.3,10446.4585
1763398800000.0,3134.33,3137.59,3113.23,3115.37,8277.7703
1763399700000.0,3115.37,3118.84,3097.74,3099.77,7789.6915
1763400600000.0,3099.77,3107.99,3067.01,3071.23,14020.397
1763401500000.0,3071.23,3076.5,3054.07,3058.59,14102.3248
1763402400000.0,3058.59,3081.04,3043.27,3057.83,17602.7498
1763403300000.0,3057.82,3062.56,3025.79,3028.2,11875.9411
1763404200000.0,3028.2,3038.93,3025.68,3036.14,11085.6706
1763405100000.0,3036.13,3054.01,3020.0,3024.98,10831.0359
1763406000000.0,3024.97,3038.97,3015.61,3019.19,12466.2726
1763406900000.0,3019.2,3027.43,3006.58,3012.47,16056.37
1763407800000.0,3012.47,3032.8,2979.84,2989.14,36205.0451
1763408700000.0,2989.13,2998.05,2972.88,2982.27,18039.6439
1763409600000.0,2982.27,2985.9,2959.46,2965.43,23645.3432
1763410500000.0,2965.44,3003.83,2963.71,2989.04,16462.6995
1763411400000.0,2989.03,2998.2,2975.0,2983.83,7011.7752
1763412300000.0,2983.83,3022.08,2981.11,3004.66,14318.4644
1763413200000.0,3004.64,3027.94,3003.44,3020.34,9000.8815
1763414100000.0,3020.29,3020.29,2984.81,2997.14,8286.3875
1763415000000.0,2997.13,3009.81,2988.0,2997.85,4812.944
1763415900000.0,2997.84,3010.26,2990.01,3009.25,5145.6105
1763416800000.0,3009.25,3023.2,3000.0,3018.01,5958.0477
1763417700000.0,3018.01,3027.19,3012.79,3023.28,7293.6619
1763418600000.0,3023.27,3031.5,3019.0,3030.46,5109.1907
1763419500000.0,3030.47,3032.53,3019.55,3023.54,3979.932
1763420400000.0,3023.55,3027.25,3010.41,3017.93,4949.6943
1763421300000.0,3017.92,3023.34,3006.11,3017.81,6371.914
1763422200000.0,3017.81,3025.74,3012.48,3020.1,5560.0507
1763423100000.0,3020.11,3031.45,3017.18,3031.44,5170.5512
1763424000000.0,3031.44,3038.41,3025.35,3034.54,6799.6399
1763424900000.0,3034.54,3037.78,3018.56,3020.27,8783.0486
1763425800000.0,3020.26,3020.83,2994.62,2998.98,10209.5931
1763426700000.0,2998.97,3040.94,2991.16,3032.85,11688.0783
1763427600000.0,3032.86,3047.44,3025.66,3036.24,12057.2392
1763428500000.0,3036.23,3050.05,3019.0,3025.65,8914.7783
1763429400000.0,3025.65,3039.33,3024.5,3031.07,5014.6161
1763430300000.0,3031.06,3033.44,3014.04,3017.59,3725.1053
1763431200000.0,3017.58,3019.99,2997.88,3008.79,8147.4494
1763432100000.0,3008.78,3038.8,2978.17,3037.2,15484.5384
1763433000000.0,3037.21,3045.04,3017.98,3028.64,11023.5194
1763433900000.0,3028.64,3044.67,2978.7,2985.5,13840.8989
1763434800000.0,2985.5,2988.69,2946.56,2974.27,33145.8693
1763435700000.0,2974.28,2985.92,2965.61,2965.61,10255.1258
1763436600000.0,2965.61,3026.14,2953.34,3015.24,22221.0573
1763437500000.0,3015.25,3027.94,3012.07,3023.97,7816.8097
1763438400000.0,3023.97,3025.18,2994.65,2995.41,8267.765
1763439300000.0,2995.41,3001.95,2978.1,2978.14,9720.5284
1763440200000.0,2978.15,2996.66,2975.29,2975.29,11316.8385
1763441100000.0,2975.29,3010.49,2958.08,3005.88,23488.982
1763442000000.0,3005.88,3017.0,2984.09,3014.35,8488.2605
1763442900000.0,3014.35,3023.84,3009.61,3014.19,7008.7105
1763443800000.0,3014.19,3021.77,3002.3,3006.07,4795.0372
1763444700000.0,3006.09,3023.0,3005.87,3012.13,4592.4264
1763445600000.0,3012.14,3014.32,2997.47,3013.87,7154.0527
1763446500000.0,3013.88,3015.48,3000.31,3004.76,4668.528
1763447400000.0,3004.76,3005.5,2973.53,2976.79,13761.7897
1763448300000.0,2976.78,3001.3,2976.59,2989.76,8337.06
1763449200000.0,2989.76,3005.5,2977.33,2997.85,7072.2597
1763450100000.0,2997.85,3013.9,2987.51,3009.98,7788.8189
1763451000000.0,3009.98,3034.5,3004.56,3025.99,9420.4709
1763451900000.0,3026.0,3030.67,3024.09,3024.44,5017.9021
1763452800000.0,3024.44,3044.93,3024.44,3032.99,10911.0836
1763453700000.0,3032.98,3043.99,3027.5,3034.05,7459.8273
1763454600000.0,3034.05,3068.0,3032.16,3058.22,14823.4617
1763455500000.0,3058.22,3063.03,3054.86,3060.19,5326.4781
1763456400000.0,3060.19,3067.24,3039.41,3045.34,9283.2445
1763457300000.0,3045.34,3055.74,3028.39,3031.57,5467.0971
1763458200000.0,3031.57,3046.38,3030.88,3045.47,4830.2688
1763459100000.0,3045.47,3063.91,3045.0,3060.5,8308.6844
1763460000000.0,3060.5,3067.14,3055.38,3059.28,9140.2409
1763460900000.0,3059.28,3069.0,3050.53,3061.14,6368.0109
1763461800000.0,3061.14,3072.21,3059.03,3065.05,5660.0639
1763462700000.0,3065.05,3067.99,3053.84,3066.15,4367.638
1763463600000.0,3066.15,3068.01,3057.75,3059.12,4854.6149
1763464500000.0,3059.12,3074.45,3052.44,3063.32,7594.9509
1763465400000.0,3063.33,3071.48,3055.88,3069.93,6424.1056
1763466300000.0,3069.93,3071.3,3053.87,3058.01,5736.2625
1763467200000.0,3058.0,3058.64,3039.36,3040.5,8432.9412
1763468100000.0,3040.51,3063.81,3040.31,3047.3,5393.0306
1763469000000.0,3047.3,3066.09,3046.53,3064.38,3223.7699
1763469900000.0,3064.37,3065.24,3041.61,3049.76,4786.3793
1763470800000.0,3049.76,3049.77,3040.4,3047.01,4945.671
1763471700000.0,3047.0,3051.48,3032.71,3036.53,8200.3002
1763472600000.0,3036.53,3047.95,3022.09,3038.87,9938.4716
1763473500000.0,3038.88,3051.1,3038.46,3048.34,5155.9192
1763474400000.0,3048.33,3050.0,3032.31,3036.61,3521.825
1763475300000.0,3036.61,3069.0,3036.61,3058.18,6382.4471
1763476200000.0,3058.18,3092.64,3044.37,3063.38,27814.4419
1763477100000.0,3063.38,3084.55,3058.33,3058.33,11607.8731
1763478000000.0,3058.32,3091.65,3034.0,3079.98,17998.7251
1763478900000.0,3079.98,3119.0,3074.0,3109.23,23192.7554
1763479800000.0,3109.24,3123.69,3095.01,3110.52,11400.2119
1763480700000.0,3110.52,3121.02,3095.33,3106.87,6185.9935
1763481600000.0,3106.87,3129.78,3099.39,3120.67,15269.7369
1763482500000.0,3120.67,3160.0,3117.0,3156.8,22858.5501
1763483400000.0,3156.81,3168.91,3146.15,3149.97,15804.7422
1763484300000.0,3149.96,3159.0,3146.25,3152.18,5024.0138
1763485200000.0,3152.18,3159.0,3138.52,3139.75,12702.3145
1763486100000.0,3139.74,3152.13,3122.36,3125.35,6680.6534
1763487000000.0,3125.35,3140.0,3120.08,3136.78,6950.0666
1763487900000.0,3136.78,3137.85,3125.1,3135.36,3562.0208
1763488800000.0,3135.36,3154.6,3135.36,3151.79,5233.8918
1763489700000.0,3151.8,3153.86,3139.47,3143.36,4004.8679
1763490600000.0,3143.36,3159.85,3143.36,3158.25,3742.6293
1763491500000.0,3158.25,3169.95,3157.3,3160.46,6067.0988
1763492400000.0,3160.46,3168.36,3154.41,3165.0,2377.4246
1763493300000.0,3165.01,3168.19,3158.47,3161.11,2620.2815
1763494200000.0,3161.11,3162.5,3145.32,3145.46,4622.7335
1763495100000.0,3145.45,3151.42,3135.59,3146.02,4564.9228
1763496000000.0,3146.01,3149.47,3137.5,3141.93,2020.065
1763496900000.0,3141.93,3150.43,3139.85,3147.86,1432.0586
1763497800000.0,3147.87,3149.48,3131.84,3132.08,2551.24
1763498700000.0,3132.08,3136.73,3122.72,3123.2,3820.4347
1763499600000.0,3123.19,3126.82,3114.15,3126.79,3051.3256
1763500500000.0,3126.79,3131.18,3120.63,3123.99,1312.8458
1763501400000.0,3123.99,3124.0,3103.6,3104.23,3905.6726
1763502300000.0,3104.22,3105.81,3097.21,3098.25,4444.1349
1763503200000.0,3098.25,3120.96,3097.66,3120.96,4698.2793
1763504100000.0,3120.96,3128.24,3113.21,3126.3,2616.8602
1763505000000.0,3126.3,3129.77,3121.17,3123.48,1308.9286
1763505900000.0,3123.47,3127.15,3119.0,3125.55,1563.8428
1763506800000.0,3125.55,3126.45,3107.56,3112.21,3396.7242
1763507700000.0,3112.21,3119.59,3110.7,3118.53,1908.5875
1763508600000.0,3118.53,3123.29,3116.83,3120.69,985.4713
1763509500000.0,3120.68,3126.08,3114.1,3123.66,774.0996
1763510400000.0,3123.65,3124.17,3101.58,3103.43,3733.38
1763511300000.0,3103.43,3105.13,3077.88,3092.86,10035.445
1763512200000.0,3092.85,3108.95,3086.13,3105.48,3276.8125
1763513100000.0,3105.47,3109.24,3099.64,3100.64,2259.5678
1763514000000.0,3100.64,3101.58,3085.26,3089.39,5176.5217
1763514900000.0,3089.39,3116.28,3087.0,3111.26,4185.2571
1763515800000.0,3111.26,3111.81,3099.29,3107.0,2805.4928
1763516700000.0,3107.0,3107.92,3095.17,3105.1,2600.2539
1763517600000.0,3105.1,3119.65,3097.88,3118.67,2490.8518
1763518500000.0,3118.67,3125.54,3105.06,3115.08,3660.0171
1763519400000.0,3115.07,3125.24,3111.71,3114.02,1915.3295
1763520300000.0,3114.01,3125.0,3112.23,3113.93,1960.9007
1763521200000.0,3113.94,3118.33,3103.41,3106.04,2176.4205
1763522100000.0,3106.03,3106.03,3091.37,3092.49,3780.4191
1763523000000.0,3092.49,3092.49,3070.57,3079.09,9631.2957
1763523900000.0,3079.08,3081.5,3069.59,3073.02,5566.3132
1763524800000.0,3073.01,3076.83,3062.46,3069.22,4908.5408
1763525700000.0,3069.22,3073.71,3062.35,3069.98,3787.1124
1763526600000.0,3069.98,3070.13,3058.01,3059.99,3883.9723
1763527500000.0,3060.0,3064.4,3045.81,3048.57,7107.2479
1763528400000.0,3048.57,3052.67,3036.27,3039.24,5568.678
1763529300000.0,3039.24,3045.16,3024.16,3025.93,11875.3064
1763530200000.0,3025.92,3026.16,2995.0,2997.3,13651.8835
1763531100000.0,2997.23,3017.94,2992.23,3017.56,11221.4945
1763532000000.0,3017.56,3032.21,3010.6,3030.22,8769.3405
1763532900000.0,3030.23,3033.7,3024.07,3031.75,3771.2257
1763533800000.0,3031.74,3044.56,3030.83,3039.28,5632.1066
1763534700000.0,3039.28,3045.03,3033.83,3041.15,3707.7337
1763535600000.0,3041.15,3056.7,3039.25,3055.0,6176.058
1763536500000.0,3054.99,3061.72,3048.45,3051.44,3511.8773
1763537400000.0,3051.43,3075.13,3048.1,3073.81,4918.1511
1763538300000.0,3073.82,3087.71,3072.58,3084.96,7369.8813
1763539200000.0,3084.97,3086.94,3076.53,3082.0,3946.2711
1763540100000.0,3081.99,3100.31,3072.5,3098.59,12417.3761
1763541000000.0,3098.58,3099.59,3084.48,3087.66,3553.8639
1763541900000.0,3087.65,3089.99,3074.5,3080.21,6704.432
1763542800000.0,3080.2,3080.61,3053.55,3067.42,7242.9549
1763543700000.0,3067.41,3073.2,3057.77,3064.61,4254.7614
1763544600000.0,3064.61,3080.68,3064.61,3077.53,3535.4356
1763545500000.0,3077.52,3088.24,3069.0,3088.24,3426.3686
1763546400000.0,3088.24,3112.55,3083.51,3099.17,6290.8364
1763547300000.0,3099.18,3104.32,3092.1,3097.19,2531.7359
1763548200000.0,3097.2,3102.39,3091.49,3099.79,2029.4543
1763549100000.0,3099.79,3099.8,3084.48,3092.0,4235.8722
1763550000000.0,3091.99,3100.74,3088.5,3100.73,2199.9739
1763550900000.0,3100.74,3102.28,3087.55,3087.55,2087.0221
1763551800000.0,3087.54,3095.06,3084.14,3091.78,1815.2299
1763552700000.0,3091.78,3094.26,3077.54,3083.51,2574.8793
1763553600000.0,3083.51,3095.26,3081.01,3087.87,3000.145
1763554500000.0,3087.87,3095.56,3082.12,3092.73,2513.2115
1763555400000.0,3092.73,3097.76,3086.03,3095.35,2858.5869
1763556300000.0,3095.35,3108.76,3093.68,3100.82,5795.7079
1763557200000.0,3100.82,3101.36,3087.34,3091.89,4506.9771
1763558100000.0,3091.88,3099.1,3085.04,3095.02,4067.8573
1763559000000.0,3095.04,3098.38,3070.01,3077.5,9207.0672
1763559900000.0,3077.5,3080.55,3057.76,3067.36,9209.8939
1763560800000.0,3067.36,3070.26,3043.91,3062.01,7699.2971
1763561700000.0,3062.02,3065.18,3023.89,3027.52,9704.9364
1763562600000.0,3027.53,3063.7,3024.08,3061.65,11731.1206
1763563500000.0,3061.64,3068.84,3045.55,3060.51,6292.5854
1763564400000.0,3060.52,3106.2,3059.11,3086.29,12818.2264
1763565300000.0,3086.29,3096.4,3026.33,3035.11,14486.0003
1763566200000.0,3035.11,3036.96,2994.24,3003.35,32955.8074
1763567100000.0,3003.35,3003.58,2967.0,2973.16,27726.477
1763568000000.0,2973.15,3000.0,2963.41,2980.07,20907.5288
1763568900000.0,2980.07,2986.19,2955.25,2960.91,12941.9625
1763569800000.0,2960.91,2967.4,2937.3,2953.27,22086.4254
1763570700000.0,2953.27,2957.05,2936.62,2950.19,9362.312
1763571600000.0,2950.19,2961.22,2918.96,2923.2,16928.2552
1763572500000.0,2923.19,2936.81,2912.5,2935.09,9615.0106
1763573400000.0,2935.08,2938.0,2900.0,2927.7,26240.258
1763574300000.0,2927.69,2929.75,2906.0,2922.85,10427.1652
1763575200000.0,2922.84,2929.68,2902.46,2923.25,12088.2196
1763576100000.0,2923.24,2925.2,2880.49,2888.47,22553.0681
1763577000000.0,2888.47,2900.62,2881.69,2883.26,9771.8623
1763577900000.0,2883.26,2902.55,2881.0,2899.75,8485.2305
1763578800000.0,2899.74,2905.84,2885.34,2891.23,7327.0707
1763579700000.0,2891.23,2892.18,2875.02,2882.37,7419.4021
1763580600000.0,2882.36,2885.0,2873.64,2876.14,5768.1368
1763581500000.0,2876.15,2891.12,2873.98,2881.66,5986.7321
1763582400000.0,2881.66,2888.28,2875.0,2884.91,5818.0265
1763583300000.0,2884.92,2919.6,2882.03,2919.58,12807.0644
1763584200000.0,2919.57,2931.36,2907.99,2915.35,7013.9243
1763585100000.0,2915.35,2957.32,2907.89,2945.29,11689.8035
1763586000000.0,2945.3,2963.1,2939.13,2948.39,11176.0969
1763586900000.0,2948.39,3002.0,2947.35,2969.82,22906.1743
1763587800000.0,2969.82,2995.57,2968.53,2992.37,5428.0837
1763588700000.0,2992.37,2997.08,2983.3,2991.66,4109.2804
1763589600000.0,2991.65,2992.42,2966.18,2968.25,5016.65
1763590500000.0,2968.25,2984.81,2953.85,2983.25,5675.1921
1763591400000.0,2983.25,2985.88,2974.0,2979.88,3353.9578
1763592300000.0,2979.88,2988.7,2973.49,2984.54,2251.0946
1763593200000.0,2984.54,3024.8,2984.54,3017.55,13564.2685
1763594100000.0,3017.54,3023.49,3012.69,3013.38,5140.3394
1763595000000.0,3013.38,3024.5,3009.13,3012.75,6284.1781
1763595900000.0,3012.74,3027.88,3012.1,3025.48,3248.6868
1763596800000.0,3025.48,3025.59,3004.41,3015.92,3365.1852
1763597700000.0,3015.92,3042.2,3014.7,3036.88,6617.5885
1763598600000.0,3036.89,3049.14,3035.22,3042.36,6498.1358
1763599500000.0,3042.36,3047.27,3018.21,3019.27,8132.3183
1763600400000.0,3019.26,3040.4,3018.8,3034.11,17100.1234
1763601300000.0,3034.11,3041.8,3025.4,3028.51,4054.0025
1763602200000.0,3028.52,3046.14,3028.52,3040.83,5396.4118
1763603100000.0,3040.82,3050.5,3037.6,3047.51,3970.0084
1763604000000.0,3047.51,3058.0,3029.33,3043.36,7237.151
1763604900000.0,3043.36,3046.81,3031.29,3034.07,3300.4578
1763605800000.0,3034.08,3043.3,3030.75,3034.78,3520.0174
1763606700000.0,3034.79,3048.56,3030.07,3044.26,7637.0499
1763607600000.0,3044.26,3049.5,3041.04,3044.92,2682.2005
1763608500000.0,3044.92,3053.23,3037.6,3038.06,2845.6892
1763609400000.0,3038.06,3051.64,3037.34,3043.35,2881.1146
1763610300000.0,3043.36,3046.5,3037.27,3038.98,2330.7355
1763611200000.0,3038.99,3041.61,3026.78,3030.22,4569.9553
1763612100000.0,3030.23,3030.23,3017.4,3019.66,5212.2965
1763613000000.0,3019.66,3028.08,3017.53,3026.94,3977.1481
1763613900000.0,3026.93,3055.0,3026.93,3054.01,6975.6878
1763614800000.0,3054.02,3063.61,3047.85,3049.08,9015.8877
1763615700000.0,3049.08,3049.84,3037.04,3037.37,4722.6112
1763616600000.0,3037.37,3039.98,3032.98,3037.28,3086.436
1763617500000.0,3037.28,3044.68,3034.01,3035.38,3060.7856
1763618400000.0,3035.37,3042.5,3034.36,3037.25,2532.8696
1763619300000.0,3037.24,3037.25,3025.88,3028.62,3457.3938
1763620200000.0,3028.63,3030.45,3011.64,3013.18,6222.5058
1763621100000.0,3013.19,3021.47,3006.89,3020.81,5223.1952
1763622000000.0,3020.81,3032.43,3015.5,3032.24,3709.2371
1763622900000.0,3032.4,3033.17,3021.14,3027.81,2266.7025
1763623800000.0,3027.81,3038.51,3026.15,3033.67,2878.9685
1763624700000.0,3033.67,3044.42,3033.67,3039.43,2859.1034
1763625600000.0,3039.44,3044.75,3026.99,3027.94,5378.6195
1763626500000.0,3027.95,3040.6,3022.6,3036.24,5733.2978
1763627400000.0,3036.24,3039.38,3029.73,3034.88,2954.542
1763628300000.0,3034.88,3038.61,3028.62,3030.85,2007.6686
1763629200000.0,3030.85,3033.93,3025.66,3031.09,2199.0073
1763630100000.0,3031.08,3031.22,3012.0,3013.98,3533.0515
1763631000000.0,3013.97,3017.34,3008.91,3011.5,3748.3596
1763631900000.0,3011.51,3013.91,2995.52,3011.39,9293.9247
1763632800000.0,3011.39,3013.49,2993.91,2999.33,5646.5501
1763633700000.0,2999.34,3018.91,2999.01,3017.49,3444.7918
1763634600000.0,3017.5,3020.86,3006.5,3008.91,3259.3666
1763635500000.0,3008.91,3016.1,3006.14,3015.3,2915.5293
1763636400000.0,3015.3,3017.0,3007.85,3013.29,2139.0576
1763637300000.0,3013.3,3017.41,3002.0,3004.6,1982.0699
1763638200000.0,3004.6,3023.75,3004.44,3019.14,4472.707
1763639100000.0,3019.14,3027.48,3017.27,3023.98,4504.501
1763640000000.0,3023.99,3027.12,3011.22,3012.3,2281.6942
1763640900000.0,3012.31,3022.15,3010.74,3019.8,2679.7987
1763641800000.0,3019.81,3029.79,3015.0,3018.01,2798.4866
1763642700000.0,3018.01,3033.0,3017.6,3028.86,3142.9255
1763643600000.0,3028.87,3038.55,3022.25,3036.47,5243.3871
1763644500000.0,3036.48,3037.21,3015.01,3022.86,5104.8422
1763645400000.0,3022.87,3049.58,2998.89,3001.8,17366.6911
1763646300000.0,3001.8,3022.89,2996.28,2999.81,6258.1291
1763647200000.0,2999.82,3001.0,2963.68,2969.54,21670.6925
1763648100000.0,2969.54,3018.43,2967.68,3013.02,12823.1912
1763649000000.0,3013.02,3022.7,2978.19,2993.19,17844.4844
1763649900000.0,2993.19,3010.74,2985.71,3000.7,8807.8051
1763650800000.0,3000.7,3003.48,2961.97,2973.07,12501.766
1763651700000.0,2973.12,2999.99,2964.36,2988.26,8037.9945
1763652600000.0,2988.26,2996.73,2975.24,2988.11,5732.2008
1763653500000.0,2988.12,2988.79,2952.39,2955.68,11398.7004
1763654400000.0,2955.65,2961.28,2889.19,2898.97,50378.5122
1763655300000.0,2898.98,2918.75,2883.73,2890.45,27887.9015
1763656200000.0,2890.44,2898.76,2866.79,2868.4,25501.0149
1763657100000.0,2868.4,2876.14,2848.01,2862.68,35958.1646
1763658000000.0,2862.65,2873.62,2807.35,2819.54,42220.1153
1763658900000.0,2819.53,2834.1,2809.06,2826.72,22523.3753
1763659800000.0,2826.71,2844.78,2817.23,2821.29,18097.8156
1763660700000.0,2821.28,2840.64,2814.0,2833.66,20057.5498
1763661600000.0,2833.65,2860.01,2814.23,2858.8,35632.7119
1763662500000.0,2858.8,2860.64,2821.03,2824.23,35188.3061
1763663400000.0,2824.22,2830.58,2818.0,2822.94,11670.7609
1763664300000.0,2822.93,2824.31,2806.36,2813.66,39450.7639
1763665200000.0,2813.66,2821.61,2790.01,2812.15,45360.3605
1763666100000.0,2812.14,2846.57,2807.0,2839.45,23195.492
1763667000000.0,2839.44,2840.42,2822.5,2834.51,9434.1793
1763667900000.0,2834.52,2855.28,2829.66,2847.9,8897.1652
1763668800000.0,2847.89,2847.89,2819.55,2822.56,8540.0955
1763669700000.0,2822.56,2855.05,2820.65,2851.56,9229.5365
1763670600000.0,2851.55,2856.54,2834.4,2839.71,9288.8793
1763671500000.0,2839.7,2850.59,2829.84,2835.29,6030.6195
1763672400000.0,2835.3,2854.4,2834.63,2848.64,5238.5395
1763673300000.0,2848.63,2884.69,2845.47,2864.97,7210.6353
1763674200000.0,2864.98,2888.86,2863.28,2888.62,5823.603
1763675100000.0,2888.62,2897.63,2877.59,2879.65,4968.7894
1763676000000.0,2879.64,2902.02,2876.18,2897.76,5266.0823
1763676900000.0,2897.75,2905.58,2895.22,2901.53,3809.8381
1763677800000.0,2901.53,2905.93,2881.49,2888.9,4439.5771
1763678700000.0,2888.89,2895.17,2885.0,2886.17,1860.8586
1763679600000.0,2886.16,2891.54,2859.15,2867.79,8549.5637
1763680500000.0,2867.79,2875.0,2856.01,2864.45,3861.393
1763681400000.0,2864.46,2865.98,2833.09,2849.34,7883.7323
1763682300000.0,2849.34,2852.8,2826.49,2834.22,4823.6321
1763683200000.0,2834.21,2858.68,2832.56,2858.06,7299.779
1763684100000.0,2858.05,2863.67,2847.26,2856.42,3471.3486
1763685000000.0,2856.41,2870.0,2848.07,2861.16,3265.3791
1763685900000.0,2861.15,2869.76,2858.08,2861.08,1952.2232
1763686800000.0,2861.11,2870.87,2856.34,2863.84,4032.2271
1763687700000.0,2863.84,2886.73,2851.69,2881.96,7094.5177
1763688600000.0,2881.95,2882.78,2860.0,2869.1,3311.1563
1763689500000.0,2869.11,2873.0,2859.19,2862.09,4110.2836
1763690400000.0,2862.1,2862.18,2835.17,2836.45,8689.8391
1763691300000.0,2836.46,2857.14,2822.22,2838.19,8559.2338
1763692200000.0,2838.18,2847.94,2810.44,2812.01,11423.7366
1763693100000.0,2812.0,2833.39,2772.84,2782.67,23770.0238
1763694000000.0,2782.66,2823.07,2781.85,2810.7,10991.6895
1763694900000.0,2810.71,2817.25,2789.53,2808.22,10239.0694
1763695800000.0,2808.21,2826.0,2796.84,2822.63,5762.1674
1763696700000.0,2822.63,2824.67,2808.98,2809.18,3260.2214
1763697600000.0,2809.17,2813.07,2799.17,2808.73,3862.1317
1763698500000.0,2808.73,2811.77,2800.0,2809.77,4103.6709
1763699400000.0,2809.77,2812.99,2782.75,2810.21,11787.8214
1763700300000.0,2810.22,2821.92,2801.54,2818.89,7263.4014
1763701200000.0,2818.88,2828.86,2814.7,2824.47,5814.8425
1763702100000.0,2824.46,2832.66,2820.62,2821.68,7441.9633
1763703000000.0,2821.69,2827.99,2800.6,2806.0,6894.949
1763703900000.0,2806.01,2810.88,2800.0,2809.43,5471.4456
1763704800000.0,2809.43,2814.81,2789.28,2808.64,15362.4818
1763705700000.0,2808.64,2810.19,2791.3,2792.0,5666.0452
1763706600000.0,2791.99,2800.27,2780.36,2796.39,8756.9817
1763707500000.0,2796.39,2800.85,2789.22,2790.2,14131.6144
1763708400000.0,2790.2,2801.21,2775.0,2780.09,17373.6658
1763709300000.0,2780.1,2782.04,2755.87,2756.76,18540.0814
1763710200000.0,2756.77,2762.23,2669.0,2732.76,114181.6385
1763711100000.0,2732.75,2734.76,2704.27,2720.17,35440.0622
1763712000000.0,2720.17,2751.68,2706.35,2743.34,23873.7778
1763712900000.0,2743.33,2754.48,2735.0,2736.4,11132.9958
1763713800000.0,2736.4,2748.85,2722.2,2728.87,10720.5899
1763714700000.0,2728.87,2746.27,2726.61,2737.89,8294.3149
1763715600000.0,2737.9,2748.5,2731.5,2736.57,8293.5548
1763716500000.0,2736.58,2739.17,2708.84,2710.17,12943.6236
1763717400000.0,2710.17,2714.68,2682.34,2689.78,21453.8532
1763718300000.0,2689.77,2692.05,2680.0,2681.42,15352.6355
1763719200000.0,2681.41,2708.85,2663.01,2693.21,34475.5785
1763720100000.0,2693.21,2705.0,2678.83,2686.27,21009.6748
1763721000000.0,2686.28,2717.14,2686.27,2707.5,12476.5007
1763721900000.0,2707.49,2709.0,2695.29,2696.8,6077.2407
1763722800000.0,2696.8,2722.98,2695.26,2720.51,9363.2005
1763723700000.0,2720.51,2722.33,2710.35,2710.79,4498.0111
1763724600000.0,2710.78,2718.76,2687.79,2693.72,6941.4902
1763725500000.0,2693.72,2695.0,2674.49,2688.42,11918.5002
1763726400000.0,2688.42,2693.98,2670.74,2686.17,14470.9795
1763727300000.0,2686.17,2686.17,2623.57,2639.0,39361.3422
1763728200000.0,2639.01,2731.68,2639.01,2728.95,39858.0421
1763729100000.0,2728.96,2743.17,2721.18,2727.59,17513.3782
1763730000000.0,2727.59,2749.33,2711.06,2739.2,15050.3883
1763730900000.0,2739.2,2762.0,2731.63,2736.68,15137.4633
1763731800000.0,2736.69,2760.07,2729.77,2759.28,7689.3072
1763732700000.0,2759.28,2769.61,2740.0,2741.79,11736.3602
1763733600000.0,2741.79,2747.91,2731.08,2731.08,9076.8252
1763734500000.0,2731.09,2731.75,2718.65,2727.57,9336.6944
1763735400000.0,2727.56,2777.24,2723.99,2760.43,30145.4479
1763736300000.0,2760.44,2781.83,2742.06,2770.35,21247.7791
1763737200000.0,2770.36,2778.93,2734.13,2742.18,14627.181
1763738100000.0,2742.18,2754.99,2724.6,2729.64,13870.363
1763739000000.0,2729.64,2736.17,2691.2,2712.13,19619.4694
1763739900000.0,2712.14,2722.65,2687.55,2705.32,15620.2754
1763740800000.0,2705.31,2710.45,2675.0,2699.1,18739.4156
1763741700000.0,2699.1,2719.11,2678.0,2718.64,16762.0797
1763742600000.0,2718.63,2738.86,2708.04,2714.61,12591.5412
1763743500000.0,2714.62,2764.0,2704.21,2762.8,12659.9162
1763744400000.0,2762.81,2793.85,2754.89,2784.73,12527.3861
1763745300000.0,2784.74,2806.84,2779.06,2794.46,14761.0518
1763746200000.0,2794.46,2805.5,2786.06,2794.02,8169.4835
1763747100000.0,2794.03,2803.47,2779.27,2780.48,6317.259
1763748000000.0,2780.49,2783.15,2725.8,2730.29,23927.4571
1763748900000.0,2730.28,2748.93,2716.49,2747.9,17360.8858
1763749800000.0,2747.89,2777.75,2744.95,2773.24,8747.639
1763750700000.0,2773.25,2794.49,2766.96,2779.15,8887.6383
1763751600000.0,2779.15,2787.24,2763.93,2768.8,8219.2682
1763752500000.0,2768.8,2787.96,2763.47,2777.91,5502.8958
1763753400000.0,2777.91,2782.2,2752.23,2755.93,5712.7621
1763754300000.0,2755.93,2757.5,2740.22,2752.24,5085.2954
1763755200000.0,2752.23,2756.21,2728.15,2746.07,5709.8517
1763756100000.0,2746.07,2746.32,2709.21,2711.28,7894.2794
1763757000000.0,2711.27,2739.72,2708.55,2737.79,8454.0967
1763757900000.0,2737.8,2752.0,2730.0,2737.86,7481.9295
1763758800000.0,2737.83,2747.19,2731.49,2745.26,5102.8238
1763759700000.0,2745.26,2770.41,2740.21,2764.87,8457.9181
1763760600000.0,2764.88,2777.01,2760.32,2771.27,4616.8366
1763761500000.0,2771.27,2775.0,2764.19,2767.23,4023.7317
1763762400000.0,2767.22,2774.09,2762.31,2766.11,2662.7676
1763763300000.0,2766.11,2769.91,2748.69,2751.92,2944.8468
1763764200000.0,2751.92,2752.49,2732.6,2745.48,3312.1593
1763765100000.0,2745.49,2754.57,2720.72,2721.88,3835.1983
1763766000000.0,2721.89,2730.74,2713.15,2730.53,7137.8485
1763766900000.0,2730.54,2761.0,2730.46,2761.0,4799.8703
1763767800000.0,2760.99,2767.5,2754.0,2764.99,2682.5834
1763768700000.0,2764.99,2769.8,2762.96,2765.85,2874.161
1763769600000.0,2765.86,2780.59,2763.69,2777.49,4898.9607
1763770500000.0,2777.49,2777.87,2758.21,2758.86,2115.5689
1763771400000.0,2758.87,2778.0,2758.87,2770.08,1841.8201
1763772300000.0,2770.07,2771.13,2759.24,2766.35,2292.375
1763773200000.0,2766.36,2774.94,2761.49,2765.67,2025.0497
1763774100000.0,2765.68,2774.37,2763.56,2771.93,1618.9121
1763775000000.0,2771.93,2784.12,2768.07,2768.87,2775.5147
1763775900000.0,2768.87,2778.5,2768.87,2774.7,1434.3013
1763776800000.0,2774.7,2777.49,2760.01,2761.33,2970.537
1763777700000.0,2761.33,2762.25,2749.89,2757.02,3013.7609
1763778600000.0,2757.03,2757.17,2741.23,2743.21,3322.0845
1763779500000.0,2743.21,2754.99,2739.76,2752.84,2131.7479
1763780400000.0,2752.84,2757.5,2745.82,2756.94,3582.53
1763781300000.0,2756.94,2757.73,2742.25,2747.63,2117.2279
1763782200000.0,2747.63,2753.3,2743.0,2748.24,1712.5722
1763783100000.0,2748.23,2755.78,2744.32,2752.27,1952.8886
1763784000000.0,2752.27,2754.36,2733.02,2735.29,8749.2766
1763784900000.0,2735.29,2742.4,2726.79,2736.49,5196.5494
1763785800000.0,2736.5,2742.0,2726.66,2734.24,2935.4886
1763786700000.0,2734.24,2750.0,2731.94,2747.27,2048.989
1763787600000.0,2747.26,2749.69,2741.42,2744.33,1602.9895
1763788500000.0,2744.34,2744.34,2730.24,2737.12,2334.4807
1763789400000.0,2737.13,2739.3,2727.5,2731.4,1819.6024
1763790300000.0,2731.41,2746.02,2731.36,2744.48,1636.7144
1763791200000.0,2744.49,2746.32,2732.59,2742.9,1694.7192
1763792100000.0,2742.9,2754.37,2739.23,2751.37,1717.0874
1763793000000.0,2751.38,2768.53,2750.64,2762.62,2864.859
1763793900000.0,2762.61,2767.76,2758.05,2766.26,2354.3344
1763794800000.0,2766.26,2771.0,2757.9,2759.51,3227.3751
1763795700000.0,2759.52,2768.5,2757.34,2760.32,1346.0361
1763796600000.0,2760.32,2764.88,2754.65,2759.27,1634.8715
1763797500000.0,2759.27,2762.5,2755.41,2756.21,1884.5061
1763798400000.0,2756.21,2756.36,2744.51,2746.78,1800.4427
1763799300000.0,2746.78,2746.78,2727.19,2729.01,3518.1751
1763800200000.0,2729.01,2737.89,2718.82,2729.14,6863.2566
1763801100000.0,2729.13,2737.81,2725.5,2729.89,3152.9708
1763802000000.0,2729.89,2739.78,2729.89,2736.74,2453.9255
1763802900000.0,2736.74,2736.75,2721.27,2726.93,2250.7562
1763803800000.0,2726.92,2738.88,2722.04,2729.58,3333.3626
1763804700000.0,2729.58,2735.18,2724.82,2725.74,1963.4124
1763805600000.0,2725.74,2731.5,2725.6,2728.55,1488.9069
1763806500000.0,2728.55,2728.55,2708.43,2710.75,5867.397
1763807400000.0,2710.76,2717.22,2709.14,2712.82,1890.0425
1763808300000.0,2712.82,2717.32,2705.26,2712.89,2792.4958
1763809200000.0,2712.89,2730.76,2704.33,2729.46,2919.5228
1763810100000.0,2729.45,2740.46,2722.29,2736.32,3057.5208
1763811000000.0,2736.32,2743.0,2734.4,2741.37,3659.013
1763811900000.0,2741.37,2742.73,2734.74,2735.16,3180.4511
1763812800000.0,2735.16,2736.05,2713.74,2716.45,3563.5976
1763813700000.0,2716.46,2722.76,2715.5,2717.22,2632.8942
1763814600000.0,2717.22,2723.0,2714.0,2716.3,2104.0369
1763815500000.0,2716.31,2724.39,2711.01,2721.08,2942.1135
1763816400000.0,2721.08,2734.55,2712.0,2728.93,1798.9364
1763817300000.0,2728.93,2730.22,2715.16,2718.23,2055.311
1763818200000.0,2718.24,2721.99,2712.0,2720.54,2990.847
1763819100000.0,2720.54,2724.83,2715.59,2719.49,1640.5861
1763820000000.0,2719.49,2741.38,2718.5,2740.38,3876.7036
1763820900000.0,2740.39,2754.45,2737.8,2745.31,5730.8201
1763821800000.0,2745.31,2752.57,2740.68,2740.68,4159.6363
1763822700000.0,2740.68,2750.61,2733.37,2745.81,2832.6366
1763823600000.0,2745.82,2750.4,2737.49,2740.96,4572.9358
1763824500000.0,2740.96,2750.98,2740.48,2747.41,1761.0396
1763825400000.0,2747.42,2748.33,2727.22,2730.14,3435.5797
1763826300000.0,2730.14,2742.5,2725.99,2738.92,3795.315
1763827200000.0,2738.92,2750.0,2735.2,2749.45,2500.4197
1763828100000.0,2749.45,2755.44,2744.53,2749.32,13367.4269
1763829000000.0,2749.31,2757.19,2745.31,2756.25,3989.1341
1763829900000.0,2756.26,2759.02,2752.08,2755.48,2931.1695
1763830800000.0,2755.49,2756.0,2744.97,2751.49,2428.7215
1763831700000.0,2751.49,2758.44,2748.61,2756.49,1512.3402
1763832600000.0,2756.49,2757.31,2746.97,2749.21,1740.9209
1763833500000.0,2749.21,2752.0,2745.34,2750.01,1487.1875
1763834400000.0,2750.02,2754.89,2746.49,2752.07,1824.1365
1763835300000.0,2752.07,2752.5,2748.05,2750.93,1164.3791
1763836200000.0,2750.94,2751.32,2743.02,2750.03,2816.8332
1763837100000.0,2750.02,2754.69,2747.63,2752.5,1228.9868
1763838000000.0,2752.5,2757.5,2748.47,2753.2,1369.8094
1763838900000.0,2753.19,2755.87,2748.31,2750.92,943.117
1763839800000.0,2750.93,2752.5,2744.85,2747.61,1186.5808
1763840700000.0,2747.62,2754.03,2746.49,2750.65,978.713
1763841600000.0,2750.65,2756.87,2750.09,2755.8,1887.4546
1763842500000.0,2755.8,2756.59,2751.06,2754.72,693.2969
1763843400000.0,2754.72,2754.84,2743.01,2743.21,1376.9087
1763844300000.0,2743.21,2745.47,2733.72,2741.26,2227.559
1763845200000.0,2741.26,2745.74,2737.02,2739.74,1907.0887
1763846100000.0,2739.75,2748.33,2739.49,2746.12,752.4174
1763847000000.0,2746.11,2748.0,2742.28,2746.35,771.691
1763847900000.0,2746.36,2748.62,2744.35,2747.5,1163.7121
1763848800000.0,2747.5,2757.64,2741.85,2757.38,1664.9376
1763849700000.0,2757.38,2768.25,2756.13,2759.38,3769.6858
1763850600000.0,2759.37,2768.49,2757.47,2768.48,2755.08
1763851500000.0,2768.48,2799.01,2765.01,2789.27,10705.9004
1763852400000.0,2789.26,2793.45,2776.59,2783.31,3925.0335
1763853300000.0,2783.31,2783.95,2767.62,2778.3,2929.3529
1763854200000.0,2778.3,2781.23,2768.69,2771.93,2285.8382
1763855100000.0,2771.92,2773.99,2767.62,2770.12,1467.1039
1763856000000.0,2770.12,2781.0,2768.29,2779.09,2374.6474
1763856900000.0,2779.13,2789.41,2776.83,2780.61,3571.6679
1763857800000.0,2780.6,2781.28,2770.61,2774.87,3606.7264
1763858700000.0,2774.86,2776.85,2768.32,2772.99,1297.0305
1763859600000.0,2773.0,2784.84,2771.93,2783.62,1892.7842
1763860500000.0,2783.63,2792.61,2780.53,2787.59,7225.7334
1763861400000.0,2787.59,2805.7,2785.18,2803.23,7073.6345
1763862300000.0,2803.23,2815.73,2799.24,2808.44,7277.985
1763863200000.0,2808.45,2819.27,2804.37,2810.65,6131.6091
1763864100000.0,2810.65,2825.21,2807.49,2818.59,4542.3446
1763865000000.0,2818.58,2834.33,2817.9,2828.08,7774.4486
1763865900000.0,2828.07,2832.18,2819.88,2821.12,5148.2962
1763866800000.0,2821.12,2822.86,2809.73,2813.7,3956.1608
1763867700000.0,2813.7,2817.87,2810.17,2813.89,1937.9923
1763868600000.0,2813.88,2822.2,2811.59,2819.1,2010.5358
1763869500000.0,2819.1,2824.95,2816.89,2824.77,2060.4805
1763870400000.0,2824.77,2835.03,2819.76,2834.16,4158.4506
1763871300000.0,2834.16,2852.17,2828.29,2828.73,11789.7157
1763872200000.0,2828.76,2831.94,2821.77,2822.25,4823.221
1763873100000.0,2822.25,2835.08,2820.85,2827.76,5339.3869
1763874000000.0,2827.77,2831.25,2823.99,2830.31,3640.9858
1763874900000.0,2830.31,2831.39,2824.0,2824.35,4225.6709
1763875800000.0,2824.35,2824.35,2813.1,2817.47,10148.577
1763876700000.0,2817.46,2827.47,2817.46,2825.35,2777.783
1763877600000.0,2825.35,2832.47,2823.19,2825.27,2173.803
1763878500000.0,2825.28,2827.83,2820.0,2820.83,6598.8918
1763879400000.0,2820.83,2821.28,2806.0,2811.7,5728.9987
1763880300000.0,2811.71,2815.09,2808.0,2810.33,2820.0886
1763881200000.0,2810.34,2812.34,2794.0,2804.13,9230.9557
1763882100000.0,2804.12,2804.56,2777.2,2782.18,15816.5604
1763883000000.0,2782.18,2793.47,2780.15,2792.17,4580.3448
1763883900000.0,2792.17,2794.83,2788.68,2793.7,2175.7265
1763884800000.0,2793.7,2806.57,2793.69,2802.59,3068.35
1763885700000.0,2802.58,2808.89,2799.06,2807.14,1858.3636
1763886600000.0,2807.15,2810.45,2803.16,2803.63,1427.6641
1763887500000.0,2803.64,2815.73,2803.64,2811.53,2815.6158
1763888400000.0,2811.53,2812.05,2807.24,2810.93,1064.6043
1763889300000.0,2810.92,2815.77,2807.35,2809.55,1780.592
1763890200000.0,2809.56,2823.98,2806.09,2820.38,5525.8896
1763891100000.0,2820.39,2820.69,2814.18,2816.45,1126.7479
1763892000000.0,2816.45,2816.87,2803.44,2808.31,2792.6205
1763892900000.0,2808.3,2812.97,2802.88,2807.09,1746.5824
1763893800000.0,2807.09,2812.97,2803.79,2810.82,1629.6964
1763894700000.0,2810.82,2813.72,2807.56,2808.73,1338.2401
1763895600000.0,2808.72,2811.39,2803.72,2809.5,1954.325
1763896500000.0,2809.5,2817.82,2805.03,2812.73,1415.9442
1763897400000.0,2812.73,2819.59,2812.73,2818.18,1967.2373
1763898300000.0,2818.18,2820.61,2813.0,2815.54,1685.1173
1763899200000.0,2815.54,2830.0,2813.98,2828.28,3162.0322
1763900100000.0,2828.29,2847.01,2828.0,2835.46,16538.8153
1763901000000.0,2835.46,2850.0,2830.75,2837.45,8326.7354
1763901900000.0,2837.45,2838.82,2831.64,2835.42,9634.8734
1763902800000.0,2835.43,2837.0,2822.51,2824.41,6822.6578
1763903700000.0,2824.4,2832.26,2824.4,2832.14,5285.5411
1763904600000.0,2832.13,2840.78,2828.01,2839.48,5509.7656
1763905500000.0,2839.49,2845.44,2836.81,2843.65,3674.5025
1763906400000.0,2843.66,2858.16,2832.74,2834.9,10602.9621
1763907300000.0,2834.89,2836.39,2824.99,2829.27,3427.151
1763908200000.0,2829.26,2837.97,2823.58,2828.6,6648.6447
1763909100000.0,2828.6,2832.19,2812.49,2814.88,4796.4803
1763910000000.0,2814.88,2822.95,2810.12,2820.87,3274.7346
1763910900000.0,2820.86,2825.91,2814.41,2818.98,3317.5956
1763911800000.0,2818.98,2837.32,2816.24,2833.09,4382.5746
1763912700000.0,2833.1,2840.15,2829.72,2836.5,4751.7883
1763913600000.0,2836.49,2846.8,2830.1,2831.73,4748.2238
1763914500000.0,2831.72,2834.35,2819.87,2822.77,4016.0035
1763915400000.0,2822.77,2832.04,2817.82,2830.99,3078.1903
1763916300000.0,2830.99,2830.99,2798.04,2800.05,6117.5055
1763917200000.0,2800.06,2802.98,2789.87,2797.21,8375.5633
1763918100000.0,2797.21,2808.17,2786.86,2807.4,5834.8028
1763919000000.0,2807.39,2807.39,2796.85,2803.99,2201.1368
1763919900000.0,2803.98,2803.99,2786.63,2792.72,3208.1014
1763920800000.0,2792.72,2801.61,2791.92,2797.23,1830.0131
1763921700000.0,2797.23,2812.0,2796.5,2803.49,3158.9676
1763922600000.0,2803.49,2816.92,2801.62,2813.5,2713.2183
1763923500000.0,2813.51,2813.51,2803.49,2808.87,1694.7792
1763924400000.0,2808.88,2815.13,2807.24,2812.48,2040.5555
1763925300000.0,2812.47,2828.73,2812.47,2821.49,3350.8406
1763926200000.0,2821.49,2837.45,2820.66,2830.74,5001.9311
1763927100000.0,2830.74,2831.27,2819.64,2822.7,2652.8695
1763928000000.0,2822.7,2833.16,2821.42,2830.49,3062.2867
1763928900000.0,2830.5,2835.44,2825.44,2832.64,2587.2346
1763929800000.0,2832.64,2833.11,2823.99,2828.91,1734.3186
1763930700000.0,2828.92,2832.98,2826.5,2828.55,1326.258
1763931600000.0,2828.55,2830.5,2817.28,2823.01,3398.9566
1763932500000.0,2823.02,2840.16,2822.57,2839.0,2547.9176
1763933400000.0,2839.0,2840.43,2828.65,2829.14,2374.2052
1763934300000.0,2829.13,2845.0,2828.61,2841.58,2569.9207
1763935200000.0,2841.58,2844.72,2824.52,2835.78,2913.5562
1763936100000.0,2835.77,2841.16,2825.16,2839.73,2909.3815
1763937000000.0,2839.73,2839.73,2826.63,2830.8,2070.9655
1763937900000.0,2830.79,2840.0,2830.79,2838.7,2910.7227
1763938800000.0,2838.7,2843.49,2813.43,2814.97,6816.1235
1763939700000.0,2814.97,2818.2,2796.13,2806.2,7268.4185
1763940600000.0,2806.19,2806.19,2794.74,2803.15,4595.2983
1763941500000.0,2803.15,2808.0,2798.57,2802.16,3434.6243
1763942400000.0,2802.16,2802.16,2777.77,2779.62,6132.7184
1763943300000.0,2779.61,2787.44,2763.0,2784.78,7788.6499
1763944200000.0,2784.78,2796.44,2775.13,2789.75,11643.3256
1763945100000.0,2789.75,2803.5,2781.99,2788.34,4075.323
1763946000000.0,2788.35,2799.21,2779.59,2789.64,3971.0846
1763946900000.0,2789.65,2795.9,2781.88,2791.49,2415.1396
1763947800000.0,2791.49,2792.7,2778.36,2781.58,2200.9824
1763948700000.0,2781.59,2807.49,2779.07,2806.24,4280.2384
1763949600000.0,2806.25,2860.42,2804.35,2859.09,16675.9623
1763950500000.0,2859.1,2867.46,2852.7,2853.71,7604.8296
1763951400000.0,2853.71,2858.98,2837.94,2841.01,12701.3616
1763952300000.0,2841.01,2843.71,2826.31,2840.24,7073.8446
1763953200000.0,2840.23,2848.29,2834.91,2840.43,7427.5121
1763954100000.0,2840.43,2865.0,2838.09,2857.28,9323.3219
1763955000000.0,2857.29,2866.5,2852.55,2857.99,4867.2294
1763955900000.0,2858.0,2860.34,2851.21,2856.44,2773.6908
1763956800000.0,2856.45,2870.29,2853.24,2858.37,5244.5746
1763957700000.0,2858.37,2858.37,2802.87,2814.34,20627.5164
1763958600000.0,2814.35,2829.89,2813.43,2827.8,4987.6761
1763959500000.0,2827.81,2830.33,2818.85,2824.81,2817.0139
1763960400000.0,2824.81,2884.93,2822.72,2879.61,14824.393
1763961300000.0,2879.61,2885.75,2874.54,2877.93,5751.1724
1763962200000.0,2877.93,2878.64,2862.89,2869.61,4923.8768
1763963100000.0,2869.6,2871.62,2860.74,2866.97,4370.3052
1763964000000.0,2866.97,2868.78,2836.0,2839.05,7024.2913
1763964900000.0,2839.04,2849.64,2834.78,2841.31,3599.3164
1763965800000.0,2841.31,2845.34,2833.3,2838.03,3398.0978
1763966700000.0,2838.02,2841.5,2829.19,2839.43,7990.4558
1763967600000.0,2839.43,2839.43,2828.86,2832.04,3304.7407
1763968500000.0,2832.03,2836.08,2823.88,2829.17,2976.7431
1763969400000.0,2829.17,2844.94,2826.78,2843.1,2967.1551
1763970300000.0,2843.11,2844.84,2828.0,2830.27,3840.6118
1763971200000.0,2830.26,2832.0,2822.0,2830.2,4392.6212
1763972100000.0,2830.21,2833.22,2824.25,2825.59,9770.7799
1763973000000.0,2825.58,2829.64,2822.22,2828.77,2695.6073
1763973900000.0,2828.76,2843.09,2823.73,2838.99,6566.539
1763974800000.0,2838.98,2838.98,2811.42,2815.44,8961.6919
1763975700000.0,2815.43,2815.87,2788.0,2794.55,16240.9896
1763976600000.0,2794.55,2813.18,2791.02,2799.99,9612.0339
1763977500000.0,2800.0,2803.97,2794.23,2797.72,9070.5662
1763978400000.0,2797.71,2806.92,2794.69,2795.84,3227.673
1763979300000.0,2795.85,2803.45,2794.41,2800.72,2195.9203
1763980200000.0,2800.72,2807.14,2793.15,2801.73,2647.8199
1763981100000.0,2801.73,2804.07,2796.86,2799.05,2072.6371
1763982000000.0,2799.04,2802.99,2789.7,2799.49,2051.5678
1763982900000.0,2799.49,2801.26,2794.54,2795.26,1090.4982
1763983800000.0,2795.26,2808.24,2795.25,2805.46,2435.3779
1763984700000.0,2805.46,2807.14,2800.81,2803.41,2530.6859
1763985600000.0,2803.4,2805.99,2795.01,2796.6,6750.5229
1763986500000.0,2796.6,2807.56,2796.25,2807.56,1967.5935
1763987400000.0,2807.56,2812.02,2797.13,2800.5,4115.3216
1763988300000.0,2800.5,2806.7,2797.86,2803.86,2610.5132
1763989200000.0,2803.86,2823.0,2802.33,2817.27,3510.2076
1763990100000.0,2817.28,2821.4,2810.67,2820.36,2813.2538
1763991000000.0,2820.37,2830.06,2815.22,2826.95,12472.719
1763991900000.0,2826.96,2826.96,2814.23,2815.65,6472.7434
1763992800000.0,2815.64,2815.64,2801.05,2807.91,4675.2435
1763993700000.0,2807.91,2809.44,2797.37,2798.36,2379.1801
1763994600000.0,2798.36,2848.63,2797.71,2803.53,21174.099
1763995500000.0,2803.52,2832.0,2785.04,2832.0,27687.6828
1763996400000.0,2832.0,2840.56,2817.34,2833.39,12647.2794
1763997300000.0,2833.35,2835.99,2812.61,2822.17,4563.6798
1763998200000.0,2822.15,2848.8,2817.41,2846.7,7535.0664
1763999100000.0,2846.71,2860.37,2837.71,2846.47,7511.1506
1764000000000.0,2846.47,2863.98,2842.82,2844.55,14073.7112
1764000900000.0,2844.55,2859.0,2843.97,2850.61,8209.9477
1764001800000.0,2850.6,2865.45,2846.07,2864.4,5679.7815
1764002700000.0,2864.4,2874.99,2857.99,2858.77,10285.9356
1764003600000.0,2858.77,2865.92,2857.82,2858.5,5346.9743
1764004500000.0,2858.49,2917.42,2856.57,2915.63,18978.7848
1764005400000.0,2915.62,2931.67,2905.19,2922.02,19000.7903
1764006300000.0,2922.02,2944.03,2915.76,2940.03,12875.8005
1764007200000.0,2940.02,2954.0,2940.0,2947.56,61535.9758
1764008100000.0,2947.56,2951.87,2937.44,2937.82,26685.6821
1764009000000.0,2937.83,2948.56,2930.05,2944.75,7600.4456
1764009900000.0,2944.74,2963.61,2944.32,2957.53,7788.8684
1764010800000.0,2957.52,2979.63,2955.12,2971.53,14229.7049
1764011700000.0,2971.54,2978.27,2965.79,2973.12,5152.3473
1764012600000.0,2973.13,2977.0,2954.04,2958.34,6635.6199
1764013500000.0,2958.34,2965.48,2955.03,2959.0,4078.741
1764014400000.0,2959.0,2987.0,2952.51,2976.22,8011.4825
1764015300000.0,2976.22,2982.98,2970.49,2978.51,4129.615
1764016200000.0,2978.51,2982.0,2970.84,2977.5,5197.888
1764017100000.0,2977.5,2984.04,2969.56,2972.7,6032.4427
1764018000000.0,2972.68,2973.77,2963.83,2968.21,4258.3224
1764018900000.0,2968.2,2969.32,2961.26,2965.86,3142.0757
1764019800000.0,2965.86,2973.36,2955.64,2955.64,3895.0132
1764020700000.0,2955.65,2963.41,2947.77,2959.18,5431.2456
1764021600000.0,2959.18,2980.04,2958.19,2969.11,3845.0191
1764022500000.0,2969.1,2969.47,2956.07,2961.27,2140.7847
1764023400000.0,2961.26,2966.22,2957.87,2958.87,1151.5984
1764024300000.0,2958.87,2963.72,2952.31,2960.57,2314.6845
1764025200000.0,2960.56,2962.5,2954.81,2961.86,3401.0354
1764026100000.0,2961.86,2968.76,2961.0,2967.59,2538.7943
1764027000000.0,2967.58,2967.58,2956.49,2963.05,4587.899
1764027900000.0,2963.05,2963.05,2952.09,2953.38,2990.3234
1764028800000.0,2953.38,2953.38,2938.61,2939.54,7798.7791
1764029700000.0,2939.53,2941.26,2933.22,2934.14,4444.2265
1764030600000.0,2934.14,2950.81,2931.84,2945.9,2228.9111
1764031500000.0,2945.9,2950.55,2940.27,2943.03,2723.5641
1764032400000.0,2943.02,2947.92,2935.19,2946.75,2126.5332
1764033300000.0,2946.74,2947.0,2938.32,2940.27,4659.127
1764034200000.0,2940.27,2945.25,2932.44,2937.08,2282.5682
1764035100000.0,2937.08,2938.34,2918.2,2919.27,4345.2091
1764036000000.0,2919.27,2926.54,2910.99,2918.29,5257.2147
1764036900000.0,2918.29,2923.0,2911.1,2914.49,3866.6095
1764037800000.0,2914.49,2925.75,2908.7,2924.2,2948.8662
1764038700000.0,2924.19,2934.48,2924.19,2930.71,2533.8066
1764039600000.0,2930.71,2936.29,2923.16,2924.42,3555.8481
1764040500000.0,2924.41,2930.17,2920.43,2926.88,1497.1675
1764041400000.0,2926.87,2926.87,2906.83,2911.09,2879.9702
1764042300000.0,2911.09,2913.8,2904.39,2911.99,2659.2744
1764043200000.0,2911.99,2924.5,2910.01,2924.32,2691.5575
1764044100000.0,2924.31,2930.01,2918.99,2928.15,2277.0178
1764045000000.0,2928.15,2940.72,2927.52,2931.92,3937.4515
1764045900000.0,2931.91,2943.03,2931.16,2937.56,2578.7039
1764046800000.0,2937.57,2938.57,2928.47,2929.32,3137.0628
1764047700000.0,2929.33,2931.76,2918.47,2921.62,3237.9575
1764048600000.0,2921.62,2933.29,2921.21,2932.33,1377.0051
1764049500000.0,2932.33,2936.89,2928.6,2928.61,1795.9622
1764050400000.0,2928.61,2928.61,2919.86,2923.4,2848.2856
1764051300000.0,2923.4,2925.0,2914.62,2915.69,1637.5474
1764052200000.0,2915.68,2922.52,2912.32,2916.54,3502.7369
1764053100000.0,2916.55,2926.99,2913.59,2922.3,2643.0339
1764054000000.0,2922.3,2925.45,2916.54,2922.26,1493.4939
1764054900000.0,2922.26,2922.38,2914.0,2915.11,3689.9471
1764055800000.0,2915.11,2921.41,2915.11,2918.1,1923.4457
1764056700000.0,2918.05,2918.5,2901.75,2902.77,6077.0223
1764057600000.0,2902.77,2906.28,2897.8,2898.54,4111.5684
1764058500000.0,2898.53,2909.18,2897.92,2904.94,5969.8901
1764059400000.0,2904.94,2904.95,2894.64,2897.29,2762.6572
1764060300000.0,2897.29,2900.0,2868.56,2871.7,10914.2538
1764061200000.0,2871.7,2878.45,2867.0,2869.41,6261.7864
1764062100000.0,2869.42,2873.24,2865.09,2870.77,8853.1243
1764063000000.0,2870.77,2890.95,2870.73,2888.55,7883.798
1764063900000.0,2888.54,2893.0,2883.5,2891.89,4365.9611
1764064800000.0,2891.89,2891.89,2884.57,2887.4,2064.7449
1764065700000.0,2887.39,2892.26,2879.99,2890.94,4770.606
1764066600000.0,2890.94,2898.35,2888.22,2894.85,3967.3471
1764067500000.0,2894.85,2899.99,2892.7,2898.17,3689.569
1764068400000.0,2898.17,2898.36,2890.0,2893.73,2612.592
1764069300000.0,2893.73,2899.39,2888.31,2893.88,1819.1371
1764070200000.0,2893.88,2898.5,2891.47,2895.37,1044.245
1764071100000.0,2895.36,2897.61,2888.59,2891.01,1734.0361
1764072000000.0,2891.01,2924.11,2889.88,2921.88,5966.9443
1764072900000.0,2921.87,2930.36,2911.19,2920.75,8808.7299
1764073800000.0,2920.74,2933.23,2913.6,2927.35,3940.9007
1764074700000.0,2927.35,2930.86,2922.1,2927.14,3077.2978
1764075600000.0,2927.13,2930.82,2919.65,2928.43,4359.0575
1764076500000.0,2928.47,2934.0,2923.34,2928.23,3337.8962
1764077400000.0,2928.23,2933.29,2904.08,2904.58,6055.0924
1764078300000.0,2904.58,2913.15,2898.84,2907.69,7065.8791
1764079200000.0,2907.69,2922.35,2904.73,2912.51,3610.4428
1764080100000.0,2912.5,2917.66,2907.38,2913.41,2751.0195
1764081000000.0,2913.4,2913.4,2877.15,2880.51,10133.1405
1764081900000.0,2880.51,2885.64,2857.58,2881.32,18375.1744
1764082800000.0,2881.3,2897.63,2857.32,2877.25,10961.8924
1764083700000.0,2877.24,2885.52,2865.99,2884.61,6219.67
1764084600000.0,2884.62,2910.0,2884.61,2907.66,7270.2782
1764085500000.0,2907.67,2915.44,2889.55,2895.45,4702.1577
1764086400000.0,2895.46,2902.07,2887.38,2893.64,2774.1251
1764087300000.0,2893.64,2929.88,2890.66,2929.87,4965.9316
1764088200000.0,2929.88,2938.0,2917.3,2925.66,5631.7055
1764089100000.0,2925.66,2931.72,2919.06,2929.33,3097.168
1764090000000.0,2929.33,2952.3,2920.37,2948.41,5486.5944
1764090900000.0,2948.42,2949.3,2929.5,2931.41,5565.0688
1764091800000.0,2931.41,2951.36,2928.45,2943.62,5397.7944
1764092700000.0,2943.63,2948.37,2935.99,2936.41,2939.9741
1764093600000.0,2936.41,2950.0,2935.26,2945.94,2370.8792
1764094500000.0,2946.0,2958.53,2945.33,2949.49,3421.5396
1764095400000.0,2949.5,2956.36,2936.26,2938.36,4263.5462
1764096300000.0,2938.37,2943.5,2922.95,2924.21,5827.866
1764097200000.0,2924.2,2928.0,2895.37,2903.71,10484.1144
1764098100000.0,2903.72,2904.45,2872.09,2885.23,8773.7177
1764099000000.0,2885.22,2908.72,2882.51,2908.08,5369.9684
1764099900000.0,2908.07,2923.93,2902.19,2922.95,3351.8422
1764100800000.0,2922.96,2935.05,2916.66,2933.49,3573.999
1764101700000.0,2933.5,2938.09,2926.54,2931.37,6057.2052
1764102600000.0,2931.38,2943.14,2928.66,2934.0,2900.8568
1764103500000.0,2934.0,2940.57,2928.67,2929.1,2670.7559
1764104400000.0,2929.11,2931.03,2923.23,2928.95,6388.0248
1764105300000.0,2928.96,2940.49,2928.96,2937.21,1873.0007
1764106200000.0,2937.21,2945.66,2931.99,2939.79,1746.4532
1764107100000.0,2939.8,2944.37,2930.81,2931.31,1543.3715
1764108000000.0,2931.3,2931.3,2907.42,2911.98,7376.2972
1764108900000.0,2911.98,2936.0,2910.17,2931.43,2654.4073
1764109800000.0,2931.43,2957.04,2927.9,2947.85,7813.0362
1764110700000.0,2947.86,2978.23,2942.48,2970.42,7907.9132
1764111600000.0,2970.42,2980.82,2959.99,2976.86,5729.6524
1764112500000.0,2976.87,2976.93,2962.38,2962.6,3983.5679
1764113400000.0,2962.61,2970.67,2960.26,2967.8,2885.5051
1764114300000.0,2967.8,2969.95,2953.67,2959.36,2743.7743
1764115200000.0,2959.36,2962.99,2954.0,2954.49,1834.3603
1764116100000.0,2954.49,2971.95,2953.86,2961.76,2232.3241
1764117000000.0,2961.75,2962.33,2949.82,2957.31,5290.4958
1764117900000.0,2957.31,2959.84,2951.64,2954.38,5509.1331
1764118800000.0,2954.38,2955.97,2945.6,2952.62,8223.6422
1764119700000.0,2952.63,2963.19,2950.0,2960.08,2686.9837
1764120600000.0,2960.09,2984.0,2957.98,2977.59,5001.0794
1764121500000.0,2977.59,2979.9,2965.51,2970.32,1747.8463
1764122400000.0,2970.32,2973.83,2967.93,2972.1,1683.9165
1764123300000.0,2972.11,2976.5,2962.18,2964.42,3216.2364
1764124200000.0,2964.41,2970.0,2958.74,2965.08,1694.7627
1764125100000.0,2965.09,2965.41,2956.38,2956.8,857.4472
1764126000000.0,2956.8,2958.5,2952.64,2956.36,1710.4303
1764126900000.0,2956.37,2964.83,2955.12,2959.8,887.3415
1764127800000.0,2959.74,2959.74,2933.52,2936.21,4197.548
1764128700000.0,2936.21,2936.25,2922.08,2927.2,14018.0251
1764129600000.0,2927.19,2933.74,2921.11,2923.57,4368.3103
1764130500000.0,2923.58,2938.44,2923.07,2935.07,3363.8063
1764131400000.0,2935.08,2939.69,2932.22,2934.49,5369.898
1764132300000.0,2934.49,2935.95,2930.84,2930.87,1176.1221
1764133200000.0,2930.87,2939.69,2930.27,2937.41,2204.9294
1764134100000.0,2937.42,2953.32,2936.84,2941.31,3226.0769
1764135000000.0,2941.3,2948.26,2941.3,2945.56,1468.5091
1764135900000.0,2945.56,2949.08,2941.19,2944.51,5330.5297
1764136800000.0,2944.51,2954.67,2942.14,2949.97,2447.865
1764137700000.0,2949.97,2951.41,2935.29,2939.46,2602.6574
1764138600000.0,2939.46,2944.38,2932.25,2944.37,2753.6117
1764139500000.0,2944.38,2948.84,2938.51,2946.38,2805.3833
1764140400000.0,2946.38,2948.63,2939.38,2940.97,1610.7938
1764141300000.0,2940.97,2949.6,2940.34,2946.01,1891.3733
1764142200000.0,2946.0,2946.04,2935.32,2937.82,1626.5074
1764143100000.0,2937.81,2945.24,2936.1,2944.52,1624.0009
1764144000000.0,2944.52,2949.27,2930.07,2932.3,3204.284
1764144900000.0,2932.3,2936.73,2923.37,2924.73,3280.6499
1764145800000.0,2924.74,2927.93,2915.0,2920.05,2465.6756
1764146700000.0,2920.06,2921.78,2912.0,2913.04,1944.7382
1764147600000.0,2913.03,2917.54,2908.31,2916.36,3060.6961
1764148500000.0,2916.35,2916.49,2910.0,2911.43,2267.5246
1764149400000.0,2911.43,2914.37,2903.01,2909.25,3148.2813
1764150300000.0,2909.25,2909.75,2902.12,2907.21,3101.326
1764151200000.0,2907.21,2917.88,2907.21,2912.85,2502.5219
1764152100000.0,2912.84,2916.92,2905.84,2915.15,3569.1352
1764153000000.0,2915.15,2915.41,2905.71,2912.52,2086.3712
1764153900000.0,2912.51,2915.71,2910.17,2914.22,1529.0046
1764154800000.0,2914.22,2917.99,2909.47,2916.2,2785.8515
1764155700000.0,2916.2,2917.14,2910.15,2910.79,1330.6816
1764156600000.0,2910.79,2915.48,2907.5,2914.62,1559.6445
1764157500000.0,2914.61,2916.0,2910.01,2914.0,1018.9077
1764158400000.0,2913.99,2917.99,2890.59,2892.73,8446.9376
1764159300000.0,2892.74,2902.45,2888.69,2900.89,2457.4192
1764160200000.0,2900.88,2904.5,2897.51,2901.13,1361.579
1764161100000.0,2901.13,2904.0,2900.07,2901.6,1105.4257
1764162000000.0,2901.6,2907.31,2899.72,2903.24,1691.3148
1764162900000.0,2903.23,2916.28,2902.59,2913.9,2534.7852
1764163800000.0,2913.89,2931.62,2908.04,2923.93,5891.6025
1764164700000.0,2923.92,2936.65,2922.51,2934.25,3571.9393
1764165600000.0,2934.26,2937.69,2920.73,2933.81,6509.2364
1764166500000.0,2933.81,2939.2,2926.25,2934.67,3412.4409
1764167400000.0,2934.67,2947.4,2922.59,2932.86,5699.788
1764168300000.0,2932.87,2947.32,2905.17,2910.8,8197.8797
1764169200000.0,2910.79,2933.8,2907.54,2927.56,5995.4286
1764170100000.0,2927.56,2939.55,2919.51,2936.29,3560.8145
1764171000000.0,2936.29,2938.73,2921.0,2921.22,3827.2763
1764171900000.0,2921.23,2928.31,2909.59,2927.41,5345.8312
1764172800000.0,2927.4,2946.1,2926.37,2944.52,6502.5977
1764173700000.0,2944.52,2957.51,2943.49,2944.3,5890.9673
1764174600000.0,2944.3,2959.5,2941.96,2949.0,8380.3064
1764175500000.0,2949.01,2951.13,2935.3,2946.25,9935.7362
1764176400000.0,2946.25,2953.69,2940.82,2944.32,2768.2767
1764177300000.0,2944.31,2979.7,2939.23,2975.85,8537.2129
1764178200000.0,2975.84,3015.48,2971.9,3014.2,18534.7741
1764179100000.0,3014.19,3034.87,3011.14,3026.89,12360.9623
1764180000000.0,3026.88,3042.93,3023.31,3038.65,9862.8036
1764180900000.0,3038.65,3045.0,3031.18,3038.33,6571.3956
1764181800000.0,3038.32,3039.99,3013.93,3016.97,6724.8381
1764182700000.0,3016.96,3035.06,3015.27,3034.22,3850.643
1764183600000.0,3034.22,3036.13,3018.52,3020.32,3607.0392
1764184500000.0,3020.32,3029.99,3017.79,3026.26,2812.0762
1764185400000.0,3026.26,3038.0,3026.26,3033.28,2897.937
1764186300000.0,3033.28,3038.41,3029.69,3032.28,3226.6761
1764187200000.0,3032.28,3032.28,3009.45,3023.66,3733.6216
1764188100000.0,3023.67,3025.36,3015.15,3021.51,2240.6602
1764189000000.0,3021.51,3024.89,3010.88,3011.39,2244.4607
1764189900000.0,3011.38,3028.19,3008.53,3024.86,2974.329
1764190800000.0,3024.85,3027.44,3017.59,3017.6,2089.7661
1764191700000.0,3017.59,3032.28,3015.9,3031.53,2436.4394
1764192600000.0,3031.52,3035.91,3025.0,3025.97,2357.9121
1764193500000.0,3025.97,3033.03,3020.51,3021.7,1743.5909
1764194400000.0,3021.7,3022.47,3018.59,3020.37,816.8318
